drop table if exists t1;
create table t1  (
id     INTEGER AUTO_INCREMENT PRIMARY KEY,
emp    CHAR(10) NOT NULL,
salary DECIMAL(6,2) NOT NULL,
l INTEGER NOT NULL,
r INTEGER NOT NULL);
select * from t1;
id	emp	salary	l	r
select * from t1;
id	emp	salary	l	r
select * from t1;
id	emp	salary	l	r
drop table t1;
